{
  "Classical": {
    "precision": 1.0,
    "recall": 0.954337899543379,
    "f1-score": 0.9766355140186916,
    "support": 438.0
  },
  "Quantum": {
    "precision": 0.9563318777292577,
    "recall": 1.0,
    "f1-score": 0.9776785714285714,
    "support": 438.0
  },
  "accuracy": 0.9771689497716894,
  "macro avg": {
    "precision": 0.9781659388646289,
    "recall": 0.9771689497716896,
    "f1-score": 0.9771570427236316,
    "support": 876.0
  },
  "weighted avg": {
    "precision": 0.9781659388646288,
    "recall": 0.9771689497716894,
    "f1-score": 0.9771570427236315,
    "support": 876.0
  },
  "roc_auc": 0.9986655824524093,
  "pr_auc": 0.9986461282934702,
  "brier_score": 0.015598524976667229
}