{
  "Classical": {
    "precision": 1.0,
    "recall": 0.9657534246575342,
    "f1-score": 0.9825783972125436,
    "support": 438.0
  },
  "Quantum": {
    "precision": 0.9668874172185431,
    "recall": 1.0,
    "f1-score": 0.9831649831649831,
    "support": 438.0
  },
  "accuracy": 0.9828767123287672,
  "macro avg": {
    "precision": 0.9834437086092715,
    "recall": 0.9828767123287672,
    "f1-score": 0.9828716901887633,
    "support": 876.0
  },
  "weighted avg": {
    "precision": 0.9834437086092715,
    "recall": 0.9828767123287672,
    "f1-score": 0.9828716901887633,
    "support": 876.0
  },
  "roc_auc": 0.9976543441546256,
  "pr_auc": 0.9968596555828902,
  "brier_score": 0.012944330779587454
}