{
  "Classical": {
    "precision": 1.0,
    "recall": 0.9680365296803652,
    "f1-score": 0.9837587006960556,
    "support": 438.0
  },
  "Quantum": {
    "precision": 0.9690265486725663,
    "recall": 1.0,
    "f1-score": 0.9842696629213483,
    "support": 438.0
  },
  "accuracy": 0.9840182648401826,
  "macro avg": {
    "precision": 0.9845132743362832,
    "recall": 0.9840182648401826,
    "f1-score": 0.984014181808702,
    "support": 876.0
  },
  "weighted avg": {
    "precision": 0.9845132743362832,
    "recall": 0.9840182648401826,
    "f1-score": 0.9840141818087019,
    "support": 876.0
  },
  "roc_auc": 0.9986186693355018,
  "pr_auc": 0.9985752340092449,
  "brier_score": 0.01360097641295785
}